__NOTOC__
* [[:#Más Select | M'as Select]]

= Más Select =

<syntaxhighlight lang="sql" line="GESHI_FANCY_LINE_NUMBERS">

MariaDB [Prueba1]> show databases;
+--------------------+I
| Database           |
+--------------------+
| Prueba1            |
| information_schema |
| mysql              |
| performance_schema |
+--------------------+
4 rows in set (0.01 sec)

MariaDB [Prueba1]> show tables;
+-------------------+
| Tables_in_Prueba1 |
+-------------------+
| Competiciones     |
| inven             |
| personas          |
+-------------------+
3 rows in set (0.00 sec)

MariaDB [Prueba1]> select * from inven;
+----+-------------+-----------------------+--------+----------+
| id | nombre      | descrip               | precio | cantidad |
+----+-------------+-----------------------+--------+----------+
|  1 | Manzanas    | Mediano Granny-Smith. |   0.25 |     1000 |
|  2 | Uvas        | Sin Semillas          |   2.99 |      500 |
|  3 | Agua        | Bot. - 250 ml.        |   0.89 |      259 |
|  4 | AguaMineral | Bot. - 600 ml.        |    0.5 |      350 |
|  5 | Platanos    | Machos                |      6 |       25 |
+----+-------------+-----------------------+--------+----------+
5 rows in set (0.02 sec)

MariaDB [Prueba1]> select * from inven where precio
    ->         between 1.0 and 3.00;
+----+--------+--------------+--------+----------+
| id | nombre | descrip      | precio | cantidad |
+----+--------+--------------+--------+----------+
|  2 | Uvas   | Sin Semillas |   2.99 |      500 |
+----+--------+--------------+--------+----------+
1 row in set (0.00 sec)

MariaDB [Prueba1]> select * from inven where precio
    ->         between 1 and 3;
+----+--------+--------------+--------+----------+
| id | nombre | descrip      | precio | cantidad |
+----+--------+--------------+--------+----------+
|  2 | Uvas   | Sin Semillas |   2.99 |      500 |
+----+--------+--------------+--------+----------+
1 row in set (0.00 sec)

MariaDB [Prueba1]> select * from inven where nombre like 'M%';
+----+----------+-----------------------+--------+----------+
| id | nombre   | descrip               | precio | cantidad |
+----+----------+-----------------------+--------+----------+
|  1 | Manzanas | Mediano Granny-Smith. |   0.25 |     1000 |
+----+----------+-----------------------+--------+----------+
1 row in set (0.00 sec)

MariaDB [Prueba1]> select * from inven where nombre like 'm%';
+----+----------+-----------------------+--------+----------+
| id | nombre   | descrip               | precio | cantidad |
+----+----------+-----------------------+--------+----------+
|  1 | Manzanas | Mediano Granny-Smith. |   0.25 |     1000 |
+----+----------+-----------------------+--------+----------+
1 row in set (0.00 sec)

MariaDB [Prueba1]> create table fruta ( id int not null primary key auto_increment,
    ->                      nombre varchar (50) not null );
Query OK, 0 rows affected (0.26 sec)

MariaDB [Prueba1]> insert into fruta values ( NULL, 'Manzanas' );
Query OK, 1 row affected (0.05 sec)

MariaDB [Prueba1]> insert into fruta values ( NULL, 'Naranjas' );
Query OK, 1 row affected (0.03 sec)

MariaDB [Prueba1]> insert into fruta values ( NULL, 'Uvas' );
Query OK, 1 row affected (0.07 sec)

MariaDB [Prueba1]> insert into fruta values ( NULL, 'Platanos' );
Query OK, 1 row affected (0.07 sec)

MariaDB [Prueba1]> select * from fruta;
+----+----------+
| id | nombre   |
+----+----------+
|  1 | Manzanas |
|  2 | Naranjas |
|  3 | Uvas     |
|  4 | Platanos |
+----+----------+
4 rows in set (0.00 sec)

MariaDB [Prueba1]> create table color ( id int not null primary key auto_increment,
    ->                      nombre varchar (50) not null );
Query OK, 0 rows affected (0.25 sec)

MariaDB [Prueba1]> show tables;
+-------------------+
| Tables_in_Prueba1 |
+-------------------+
| Competiciones     |
| color             |
| fruta             |
| inven             |
| personas          |
+-------------------+
5 rows in set (0.00 sec)

MariaDB [Prueba1]> insert into color values ( NULL, 'Rojo' );
Query OK, 1 row affected (0.06 sec)

MariaDB [Prueba1]> insert into color values ( NULL, 'naranja' );
Query OK, 1 row affected (0.04 sec)

MariaDB [Prueba1]> insert into color values ( NULL, 'Purpura' );
Query OK, 1 row affected (0.07 sec)

MariaDB [Prueba1]> insert into color values ( NULL, 'Amarillo' );
Query OK, 1 row affected (0.07 sec)

MariaDB [Prueba1]> select * from color;
+----+----------+
| id | nombre   |
+----+----------+
|  1 | Rojo     |
|  2 | naranja  |
|  3 | Purpura  |
|  4 | Amarillo |
+----+----------+
4 rows in set (0.00 sec)

MariaDB [Prueba1]> select * from fruta, color;
+----+----------+----+----------+
| id | nombre   | id | nombre   |
+----+----------+----+----------+
|  1 | Manzanas |  1 | Rojo     |
|  2 | Naranjas |  1 | Rojo     |
|  3 | Uvas     |  1 | Rojo     |
|  4 | Platanos |  1 | Rojo     |
|  1 | Manzanas |  2 | naranja  |
|  2 | Naranjas |  2 | naranja  |
|  3 | Uvas     |  2 | naranja  |
|  4 | Platanos |  2 | naranja  |
|  1 | Manzanas |  3 | Purpura  |
|  2 | Naranjas |  3 | Purpura  |
|  3 | Uvas     |  3 | Purpura  |
|  4 | Platanos |  3 | Purpura  |
|  1 | Manzanas |  4 | Amarillo |
|  2 | Naranjas |  4 | Amarillo |
|  3 | Uvas     |  4 | Amarillo |
|  4 | Platanos |  4 | Amarillo |
+----+----------+----+----------+
16 rows in set (0.00 sec)

MariaDB [Prueba1]> select fruta.id, fruta.nombre, color.nombre from fruta, color
    ->          where fruta.id = color.id;
+----+----------+----------+
| id | nombre   | nombre   |
+----+----------+----------+
|  1 | Manzanas | Rojo     |
|  2 | Naranjas | naranja  |
|  3 | Uvas     | Purpura  |
|  4 | Platanos | Amarillo |
+----+----------+----------+
4 rows in set (0.00 sec)

MariaDB [Prueba1]> select fruta.id, fruta.nombre, color.nombre from fruta, color
    ->          where fruta.id = color.id;
+----+----------+----------+
| id | nombre   | nombre   |
+----+----------+----------+
|  1 | Manzanas | Rojo     |
|  2 | Naranjas | naranja  |
|  3 | Uvas     | Purpura  |
|  4 | Platanos | Amarillo |
+----+----------+----------+
4 rows in set (0.00 sec)


</syntaxhighlight>

[[Category:MariaDB Desde la Consola]]
[[Category: CursoMatiaDB]]
