__NOTOC__
* [[:#Operadores de comparación | Operadores de comparación]] 
* [[:#Operadores No igual | &nbsp;&nbsp;&nbsp;&nbsp;Operadores No igual]] 
* [[:#Operador Menor que o igual | &nbsp;&nbsp;&nbsp;&nbsp;Operador Menor que o igual]]
* [[:#Operador NULL-Safe igual | &nbsp;&nbsp;&nbsp;&nbsp;Operador NULL-Safe igual]]
* [[:#Operador Igualdad | &nbsp;&nbsp;&nbsp;&nbsp;Operadore Igualdad]] 
* [[:#Operador Mayor que | &nbsp;&nbsp;&nbsp;&nbsp;Operador Mayor que]]
* [[:#Operador Mayor que o igual | &nbsp;&nbsp;&nbsp;&nbsp;Operador Mayor que o igual]]
* [[:#Operador BETWEEN | &nbsp;&nbsp;&nbsp;&nbsp;Operador BETWEEN]]
* [[:#Operador COALESCE | &nbsp;&nbsp;&nbsp;&nbsp;Operador COALESCE]]
* [[:#Operador GREATEST | &nbsp;&nbsp;&nbsp;&nbsp;Operador GREATEST]]
* [[:#Operador IN | &nbsp;&nbsp;&nbsp;&nbsp;Operador IN]]
* [[:#Operador INTERVAL | &nbsp;&nbsp;&nbsp;&nbsp;Operador INTERVAL]]

== Operadores de comparación ==
=== Operadores No igual ===

<syntaxhighlight lang="sql" line="GESHI_FANCY_LINE_NUMBERS">

MariaDB [Prueba1]> SELECT '.01' <> '0.01';
+-----------------+
| '.01' <> '0.01' |
+-----------------+
|               1 |
+-------------- ---+
1 row in set (0.00 sec)

MariaDB [Prueba1]> SELECT .01 <> '0.01';
+---------------+
| .01 <> '0.01' |
+---------------+
|             0 |
+---------------+
1 row in set (0.00 sec)

MariaDB [Prueba1]> SELECT 'zapp' <> 'zappp';
+-------------------+
| 'zapp' <> 'zappp' |
+-------------------+
|                 1 |
+-------------------+
1 row in set (0.00 sec)

MariaDB [Prueba1]> SELECT @x != @x;
+----------+
| @x != @x |
+----------+
|        0 |
+----------+
1 row in set (0.00 sec)

MariaDB [Prueba1]> SELECT @x != @y;
+----------+
| @x != @y |
+----------+
|        1 |
+----------+
1 row in set (0.00 sec)

</syntaxhighlight>

=== Operador Menor que ===

<syntaxhighlight lang="sql" line="GESHI_FANCY_LINE_NUMBERS">

MariaDB [Prueba1]> SELECT @x < @y;
+---------+
| @x < @y |
+---------+
|       1 |
+---------+
1 row in set (0.00 sec)

MariaDB [Prueba1]> SELECT @y < @x;
+---------+
| @y < @x |
+---------+
|       0 |
+---------+
1 row in set (0.00 sec)

MariaDB [Prueba1]> SELECT 2 < 2;
+-------+
| 2 < 2 |
+-------+
|     0 |
+-------+
1 row in set (0.00 sec)

MariaDB [Prueba1]> SELECT 3<'4';
+-------+
| 3<'4' |
+-------+
|     1 |
+-------+
1 row in set (0.00 sec)

MariaDB [Prueba1]> SELECT 'a'<'A';
+---------+
| 'a'<'A' |
+---------+
|       0 |
+---------+
1 row in set (0.00 sec)

MariaDB [Prueba1]> SELECT 'A'<'a';
+---------+
| 'A'<'a' |
+---------+
|       0 |
+---------+
1 row in set (0.00 sec)

</syntaxhighlight>

=== Operador Menor que o igual ===

<syntaxhighlight lang="sql" line="GESHI_FANCY_LINE_NUMBERS">

MariaDB [Prueba1]> SELECT @x <= @y;
+----------+
| @x <= @y |
+----------+
|        1 |
+----------+
1 row in set (0.00 sec)

MariaDB [Prueba1]> SELECT @y <= @x;
+----------+
| @y <= @x |
+----------+
|        0 |
+----------+
1 row in set (0.00 sec)

MariaDB [Prueba1]> SELECT 0.1 <= 2;
+----------+
| 0.1 <= 2 |
+----------+
|        1 |
+----------+
1 row in set (0.00 sec)

MariaDB [Prueba1]> SELECT 'a'<='A';
+----------+
| 'a'<='A' |
+----------+
|        1 |
+----------+
1 row in set (0.00 sec)

</syntaxhighlight>

=== Operador NULL-Safe igual ===

<syntaxhighlight lang="sql" line="GESHI_FANCY_LINE_NUMBERS">

Este operador realiza una comparación de igualdad 
como el operador =, pero devuelve un valor de 1 
en lugar de NULL si ambos operandos son NULL, 
y 0 en vez de NULL si uno de los operandos es NULL. 
un a <=> b es equivalente a a = b O a ES NULL Y b es NULL).

MariaDB [Prueba1]> SELECT 1 <=> 1, NULL <=> NULL, 1 <=> NULL;
+---------+---------------+------------+
| 1 <=> 1 | NULL <=> NULL | 1 <=> NULL |
+---------+---------------+------------+
|       1 |             1 |          0 |
+---------+---------------+------------+
1 row in set (0.00 sec)

MariaDB [Prueba1]> SELECT 1 = 1, NULL = NULL, 1 = NULL;
+-------+-------------+----------+
| 1 = 1 | NULL = NULL | 1 = NULL |
+-------+-------------+----------+
|     1 |        NULL |     NULL |
+-------+-------------+----------+
1 row in set (0.00 sec)

</syntaxhighlight>

=== Operador Igualdad ===

<syntaxhighlight lang="sql" line="GESHI_FANCY_LINE_NUMBERS">

Evalúa ambas expresiones SQL y devuelve 1 si son 
iguales, 0 si no son iguales, 
NULL si cualquiera expresión es NULL. 
Si las expresiones devolución diferentes tipos de 
datos (por ejemplo, un número y una cadena), se 
realiza una conversión de tipo.
También puede ser utilizado como un operador de 
asignación.

MariaDB [Prueba1]> SELECT 1 = 0;
+-------+
| 1 = 0 |
+-------+
|     0 |
+-------+
1 row in set (0.00 sec)

MariaDB [Prueba1]> SELECT '0' = 0;
+---------+
| '0' = 0 |
+---------+
|       1 |
+---------+
1 row in set (0.00 sec)

MariaDB [Prueba1]> SELECT '0.0' = 0;
+-----------+
| '0.0' = 0 |
+-----------+
|         1 |
+-----------+
1 row in set (0.00 sec)

MariaDB [Prueba1]> SELECT '0.01' = 0;
+------------+
| '0.01' = 0 |
+------------+
|          0 |
+------------+
1 row in set (0.00 sec)

MariaDB [Prueba1]> SELECT '.01' = 0.01;
+--------------+
| '.01' = 0.01 |
+--------------+
|            1 |
+--------------+
1 row in set (0.01 sec)

MariaDB [Prueba1]> SELECT (5 * 2) = CONCAT('1', '0');
+----------------------------+
| (5 * 2) = CONCAT('1', '0') |
+----------------------------+
|                          1 |
+----------------------------+
1 row in set (0.00 sec)

MariaDB [Prueba1]> SELECT 1 = NULL;
+----------+
| 1 = NULL |
+----------+
|     NULL |
+----------+
1 row in set (0.00 sec)

MariaDB [Prueba1]> SELECT NULL = NULL;
+-------------+
| NULL = NULL |
+-------------+
|        NULL |
+-------------+
1 row in set (0.00 sec)

MariaDB [Prueba1]> SELECT NULL <=> NULL;
+---------------+
| NULL <=> NULL |
+---------------+
|             1 |
+---------------+
1 row in set (0.00 sec)

</syntaxhighlight>

=== Operador Mayor que ===

<syntaxhighlight lang="sql" line="GESHI_FANCY_LINE_NUMBERS">

MariaDB [Prueba1]> SELECT 2 > 2;
+-------+
| 2 > 2 |
+-------+
|     0 |
+-------+
1 row in set (0.00 sec)

MariaDB [Prueba1]> SELECT 'b' > 'a';
+-----------+
| 'b' > 'a' |
+-----------+
|         1 |
+-----------+
1 row in set (0.00 sec)

MariaDB [Prueba1]> SELECT 'a' > 'b'; 
+-----------+
| 'a' > 'b' |
+-----------+
|         0 |
+-----------+
1 row in set (0.00 sec)

</syntaxhighlight>

=== Operador Mayor que o igual ===

<syntaxhighlight lang="sql" line="GESHI_FANCY_LINE_NUMBERS">

MariaDB [Prueba1]> SELECT 2 >= 2;
+--------+
| 2 >= 2 |
+--------+
|      1 |
+--------+
1 row in set (0.00 sec)

MariaDB [Prueba1]> SELECT 'A' >= 'a';
+------------+
| 'A' >= 'a' |
+------------+
|          1 |
+------------+
1 row in set (0.00 sec)

MariaDB [Prueba1]> SELECT NULL >= NULL;
+--------------+
| NULL >= NULL |
+--------------+
|         NULL |
+--------------+
1 row in set (0.00 sec)

MariaDB [Prueba1]> SELECT 4 >= 2;
+--------+
| 4 >= 2 |
+--------+
|      1 |
+--------+
1 row in set (0.00 sec)

MariaDB [Prueba1]> SELECT -4 >= 2;
+---------+
| -4 >= 2 |
+---------+
|       0 |
+---------+
1 row in set (0.00 sec)

</syntaxhighlight>

=== Operador BETWEEN ===

<syntaxhighlight lang="sql" line="GESHI_FANCY_LINE_NUMBERS">

expr BETWEEN min AND max

Si expr es mayor o igual que min y 
expr es menor o igual que max, ENTRE devuelve 1, 
de lo contrario, devuelve 0. 
Esto es equivalente a la expresión 
(min <= expr AND expr <= max) si todos los 
argumentos son del mismo tipo. De lo contrario, 
escriba conversión se realiza de acuerdo con 
las normas descritas en conversión de tipos, 
sino que se aplicaba a todos los tres argumentos.

MariaDB [Prueba1]> SELECT 1 BETWEEN 2 AND 3;
+-------------------+
| 1 BETWEEN 2 AND 3 |
+-------------------+
|                 0 |
+-------------------+
1 row in set (0.00 sec)

MariaDB [Prueba1]> SELECT 'b' BETWEEN 'a' AND 'c';
+-------------------------+
| 'b' BETWEEN 'a' AND 'c' |
+-------------------------+
|                       1 |
+-------------------------+
1 row in set (0.00 sec)

MariaDB [Prueba1]> SELECT 2 BETWEEN 2 AND '3';
+---------------------+
| 2 BETWEEN 2 AND '3' |
+---------------------+
|                   1 |
+---------------------+
1 row in set (0.00 sec)

MariaDB [Prueba1]> SELECT 2 BETWEEN 2 AND 'x-3';
+-----------------------+
| 2 BETWEEN 2 AND 'x-3' |
+-----------------------+
|                     0 |
+-----------------------+
1 row in set, 1 warning (0.00 sec)

MariaDB [Prueba1]> show warnings;
+---------+------+-----------------------------------------+
| Level   | Code | Message                                 |
+---------+------+-----------------------------------------+
| Warning | 1292 | Truncated incorrect DOUBLE value: 'x-3' |
+---------+------+-----------------------------------------+
1 row in set (0.00 sec)

MariaDB [Prueba1]> SELECT 1 BETWEEN 1 AND NULL;
+----------------------+
| 1 BETWEEN 1 AND NULL |
+----------------------+
|                 NULL |
+----------------------+
1 row in set (0.00 sec)

</syntaxhighlight>

=== Operador COALESCE ===

<syntaxhighlight lang="sql" line="GESHI_FANCY_LINE_NUMBERS">

COALESCE(value,...)

Devuelve el primer valor no NULL de la lista 
o NULL si no hay valores no NULL. Debe pasar 
al menos un parámetro.

MariaDB [Prueba1]> SELECT COALESCE(NULL,1);
+------------------+
| COALESCE(NULL,1) |
+------------------+
|                1 |
+------------------+
1 row in set (0.00 sec)

MariaDB [Prueba1]> SELECT COALESCE(NULL,NULL,NULL);
+--------------------------+
| COALESCE(NULL,NULL,NULL) |
+--------------------------+
|                     NULL |
+--------------------------+
1 row in set (0.00 sec)

MariaDB [Prueba1]> SET @a=NULL, @b=10;
Query OK, 0 rows affected (0.00 sec)

MariaDB [Prueba1]> SELECT COALESCE(@a, @b), IFNULL(@a, @b);
+------------------+----------------+
| COALESCE(@a, @b) | IFNULL(@a, @b) |
+------------------+----------------+
| 10               | 10             |
+------------------+----------------+
1 row in set (0.00 sec)

</syntaxhighlight>

=== Operador GREATEST ===

<syntaxhighlight lang="sql" line="GESHI_FANCY_LINE_NUMBERS">

GREATEST(val1,val2,...)

Con dos o más argumentos, retorna el argumento 
mayor (valor máximo). Los argumentos se comparan 
usando las mismas reglas que para LEAST().

MariaDB [Prueba1]> SELECT GREATEST(2,0);
+---------------+
| GREATEST(2,0) |
+---------------+
|             2 |
+---------------+
1 row in set (0.00 sec)

MariaDB [Prueba1]> SELECT GREATEST(34.0,3.0,5.0,767.0);
+------------------------------+
| GREATEST(34.0,3.0,5.0,767.0) |
+------------------------------+
|                        767.0 |
+------------------------------+
1 row in set (0.00 sec)

MariaDB [Prueba1]> SELECT GREATEST('B','A','C') ;
+-----------------------+
| GREATEST('B','A','C') |
+-----------------------+
| C                     |
+-----------------------+
1 row in set (0.01 sec)

</syntaxhighlight>

=== Operador IN ===

<syntaxhighlight lang="sql" line="GESHI_FANCY_LINE_NUMBERS">

expr IN (value,...)

Devuelve 1 si expr es igual a cualquiera de 
los valores en la lista de IN, de lo contrario 
devuelve 0. Si todos los valores son constantes, 
son evaluados según el tipo de expr y ordenados. 
La búsqueda para el artículo a continuación se 
realiza usando una búsqueda binaria. Esto 
significa que es muy rápido si la lista de 
valores IN consiste enteramente de constantes. 
De lo contrario, conversión de tipos tiene lugar 
según las reglas descritas en el tipo de conversión, 
pero aplicado a todos los argumentos.
Si expr es NULL, en siempre devuelve NULL. 
Si al menos uno de los valores en la lista es NULL, 
y una de las comparaciones es true, el resultado es 1. 
Si al menos uno de los valores en la lista es nulo y 
ninguna de las comparaciones es true, el resultado es NULL.

MariaDB [Prueba1]> SELECT 2 IN (0,3,5,7);
+----------------+
| 2 IN (0,3,5,7) |
+----------------+
|              0 |
+----------------+
1 row in set (0.00 sec)

MariaDB [Prueba1]> SELECT 'wefwf' IN ('wee','wefwf','weg');
+----------------------------------+
| 'wefwf' IN ('wee','wefwf','weg') |
+----------------------------------+
|                                1 |
+----------------------------------+
1 row in set (0.00 sec)

MariaDB [Prueba1]> SELECT 1 IN ('1', '2', '3');
+----------------------+
| 1 IN ('1', '2', '3') |
+----------------------+
|                    1 |
+----------------------+
1 row in set (0.00 sec)

MariaDB [Prueba1]> SELECT NULL IN (1, 2, 3);
+-------------------+
| NULL IN (1, 2, 3) |
+-------------------+
|              NULL |
+-------------------+
1 row in set (0.00 sec)

MariaDB [Prueba1]> SELECT 1 IN (1, 2, NULL);
+-------------------+
| 1 IN (1, 2, NULL) |
+-------------------+
|                 1 |
+-------------------+
1 row in set (0.00 sec)

MariaDB [Prueba1]> SELECT 5 IN (1, 2, NULL);
+-------------------+
| 5 IN (1, 2, NULL) |
+-------------------+
|              NULL |
+-------------------+
1 row in set (0.00 sec)

</syntaxhighlight>

=== Operador INTERVAL ===

<syntaxhighlight lang="sql" line="GESHI_FANCY_LINE_NUMBERS">

INTERVAL(N,N1,N2,N3,...)

Devuelve el índice del último argumento que es menor que el primer 
argumento o es NULL. Devuelve 0 si N < N1, 1 si N < N2, 2 si N  < N3 
y así sucesivamente o -1 si N es NULL. Todos los argumentos se 
tratan como enteros. Es necesario que el N1 < N2 < N3 < ... < Nn 
para que esta función funcione correctamente. Esto es porque una 
rápida búsqueda binaria se utiliza.

[rrc@Pridd ~]$ mysql -u rrc -p
Enter password: 
Welcome to the MariaDB monitor.  Commands end with ; or \g.
Your MariaDB connection id is 7
Server version: 10.0.21-MariaDB Mageia MariaDB Server

Copyright (c) 2000, 2015, Oracle, MariaDB Corporation Ab and others.

Type 'help;' or '\h' for help. Type '\c' to clear the current input statement.

MariaDB [(none)]> SELECT INTERVAL(23, 1, 15, 17, 30, 44, 200);
+--------------------------------------+
| INTERVAL(23, 1, 15, 17, 30, 44, 200) |
+--------------------------------------+
|                                    3 |
+--------------------------------------+
1 row in set (0.00 sec)

MariaDB [(none)]> SELECT INTERVAL(10, 1, 10, 100, 1000);
+--------------------------------+
| INTERVAL(10, 1, 10, 100, 1000) |
+--------------------------------+
|                              2 |
+--------------------------------+
1 row in set (0.01 sec)

MariaDB [(none)]> SELECT INTERVAL(22, 23, 30, 44, 200);
+-------------------------------+
| INTERVAL(22, 23, 30, 44, 200) |
+-------------------------------+
|                             0 |
+-------------------------------+
1 row in set (0.00 sec)

MariaDB [(none)]> SELECT INTERVAL(10, 2, NULL);
+-----------------------+
| INTERVAL(10, 2, NULL) |
+-----------------------+
|                     2 |
+-----------------------+
1 row in set (0.00 sec)

</syntaxhighlight>

[[Category:MariaDB Desde la Consola]]
[[Category: CursoMatiaDB]]
